-- MySQL dump 10.13  Distrib 5.7.26, for Linux (x86_64)
--
-- Host: 127.0.0.1    Database: biyami
-- ------------------------------------------------------
-- Server version	5.7.26-0ubuntu0.18.04.1

/*!40101 SET @OLD_CHARACTER_SET_CLIENT=@@CHARACTER_SET_CLIENT */;
/*!40101 SET @OLD_CHARACTER_SET_RESULTS=@@CHARACTER_SET_RESULTS */;
/*!40101 SET @OLD_COLLATION_CONNECTION=@@COLLATION_CONNECTION */;
/*!40101 SET NAMES utf8 */;
/*!40103 SET @OLD_TIME_ZONE=@@TIME_ZONE */;
/*!40103 SET TIME_ZONE='+00:00' */;
/*!40014 SET @OLD_UNIQUE_CHECKS=@@UNIQUE_CHECKS, UNIQUE_CHECKS=0 */;
/*!40014 SET @OLD_FOREIGN_KEY_CHECKS=@@FOREIGN_KEY_CHECKS, FOREIGN_KEY_CHECKS=0 */;
/*!40101 SET @OLD_SQL_MODE=@@SQL_MODE, SQL_MODE='NO_AUTO_VALUE_ON_ZERO' */;
/*!40111 SET @OLD_SQL_NOTES=@@SQL_NOTES, SQL_NOTES=0 */;

--
-- Table structure for table `tblCategory`
--

DROP TABLE IF EXISTS `tblCategory`;
/*!40101 SET @saved_cs_client     = @@character_set_client */;
/*!40101 SET character_set_client = utf8 */;
CREATE TABLE `tblCategory` (
  `id` int(11) NOT NULL AUTO_INCREMENT,
  `title` varchar(255) COLLATE utf8_unicode_ci NOT NULL,
  `is_remove` tinyint(1) NOT NULL,
  `created_at` datetime NOT NULL,
  `industry` int(11) DEFAULT NULL,
  `imageUrl` varchar(255) COLLATE utf8_unicode_ci DEFAULT NULL,
  PRIMARY KEY (`id`),
  KEY `IDX_D021929ECDFA6CA0` (`industry`),
  CONSTRAINT `FK_D021929ECDFA6CA0` FOREIGN KEY (`industry`) REFERENCES `tblIndustry` (`id`)
) ENGINE=InnoDB AUTO_INCREMENT=16 DEFAULT CHARSET=utf8 COLLATE=utf8_unicode_ci;
/*!40101 SET character_set_client = @saved_cs_client */;

--
-- Dumping data for table `tblCategory`
--

LOCK TABLES `tblCategory` WRITE;
/*!40000 ALTER TABLE `tblCategory` DISABLE KEYS */;
INSERT INTO `tblCategory` VALUES (1,'Добавки комплексные пищевые',0,'2019-05-19 22:43:40',1,'2aa11612db49f5689c2e491b377fc5e1.svg'),(2,'Комплексные, функциональные и вкусоароматические добавки',0,'2019-05-19 22:43:55',1,'2aa11612db49f5689c2e491b377fc5e1.svg'),(3,'Специи, пряности, экстракты, приправы',0,'2019-05-19 22:44:15',1,'2aa11612db49f5689c2e491b377fc5e1.svg'),(4,'Белки растительного происхождения',0,'2019-05-19 22:44:30',1,'2aa11612db49f5689c2e491b377fc5e1.svg'),(5,'Пищевые волокна',0,'2019-05-19 22:44:52',1,'2aa11612db49f5689c2e491b377fc5e1.svg'),(6,'Модифицированные картофельные крахмалы',0,'2019-05-19 22:46:11',1,'2aa11612db49f5689c2e491b377fc5e1.svg'),(7,'Ингредиенты под заказ',0,'2019-05-19 22:46:19',1,'2aa11612db49f5689c2e491b377fc5e1.svg'),(8,'Клейковина пшеничная сухая',0,'2019-05-19 22:46:51',2,'a5650f47c31e9ecc9ea59004f44477e5.svg'),(9,'Картофельная клетчатка Potex',0,'2019-05-19 22:47:08',2,'a5650f47c31e9ecc9ea59004f44477e5.svg'),(10,'Смеси композитные Колос',0,'2019-05-19 22:47:16',2,'a5650f47c31e9ecc9ea59004f44477e5.svg'),(11,'Патока крахмальная карамельная кислотная',0,'2019-05-19 22:47:41',2,'a5650f47c31e9ecc9ea59004f44477e5.svg'),(12,'Улучшители хлебопекарные, смеси для выпечки, посыпки, стабилизатор творога',0,'2019-05-19 22:47:56',2,'a5650f47c31e9ecc9ea59004f44477e5.svg'),(13,'Обезжиренная термически обработанная соевая мука',0,'2019-05-19 22:49:20',3,'b1d6c2999da822a0ad00851177c6ad47.svg'),(14,'Текстурированная обезжиренная соевая мука',0,'2019-05-19 22:49:29',3,'b1d6c2999da822a0ad00851177c6ad47.svg'),(15,'Традиционные соевые белковые концентраты',0,'2019-05-19 22:49:39',3,'b1d6c2999da822a0ad00851177c6ad47.svg');
/*!40000 ALTER TABLE `tblCategory` ENABLE KEYS */;
UNLOCK TABLES;

--
-- Table structure for table `tblIndustry`
--

DROP TABLE IF EXISTS `tblIndustry`;
/*!40101 SET @saved_cs_client     = @@character_set_client */;
/*!40101 SET character_set_client = utf8 */;
CREATE TABLE `tblIndustry` (
  `id` int(11) NOT NULL AUTO_INCREMENT,
  `title` varchar(255) COLLATE utf8_unicode_ci NOT NULL,
  `is_remove` tinyint(1) NOT NULL,
  `created_at` datetime NOT NULL,
  `imageUrl` varchar(255) COLLATE utf8_unicode_ci DEFAULT NULL,
  `bigImageUrl` varchar(255) COLLATE utf8_unicode_ci DEFAULT NULL,
  PRIMARY KEY (`id`)
) ENGINE=InnoDB AUTO_INCREMENT=4 DEFAULT CHARSET=utf8 COLLATE=utf8_unicode_ci;
/*!40101 SET character_set_client = @saved_cs_client */;

--
-- Dumping data for table `tblIndustry`
--

LOCK TABLES `tblIndustry` WRITE;
/*!40000 ALTER TABLE `tblIndustry` DISABLE KEYS */;
INSERT INTO `tblIndustry` VALUES (1,'Мясоперерабатывающая отрасль',0,'2019-06-29 10:58:19','a56b6c8b39fb46f1e51e4007b3b61b01.svg','cf2c4ec645bb0571bb8565b3d248f35d.png'),(2,'Хлебопекарная отрасль',0,'2019-06-29 10:59:52','c9c7691b5eb87c75d00b0bd733e954c9.svg','BD74E82C2FE25DC09D8C0EBB6828159F.jpg'),(3,'Соевые продукты',0,'2019-06-29 11:04:44','5aa32b48deaf59079e87ce49e45da3bf.svg','38215948DEA24D650056E9DBCAF703DC.jpeg');
/*!40000 ALTER TABLE `tblIndustry` ENABLE KEYS */;
UNLOCK TABLES;

--
-- Table structure for table `tblNews`
--

DROP TABLE IF EXISTS `tblNews`;
/*!40101 SET @saved_cs_client     = @@character_set_client */;
/*!40101 SET character_set_client = utf8 */;
CREATE TABLE `tblNews` (
  `id` int(11) NOT NULL AUTO_INCREMENT,
  `title` varchar(255) COLLATE utf8_unicode_ci NOT NULL,
  `imageUrl` varchar(255) COLLATE utf8_unicode_ci DEFAULT NULL,
  `text` longtext COLLATE utf8_unicode_ci NOT NULL,
  `is_remove` tinyint(1) NOT NULL,
  `is_hide` tinyint(1) NOT NULL,
  `created_at` datetime NOT NULL,
  `short_description` longtext COLLATE utf8_unicode_ci NOT NULL,
  PRIMARY KEY (`id`)
) ENGINE=InnoDB AUTO_INCREMENT=4 DEFAULT CHARSET=utf8 COLLATE=utf8_unicode_ci;
/*!40101 SET character_set_client = @saved_cs_client */;

--
-- Dumping data for table `tblNews`
--

LOCK TABLES `tblNews` WRITE;
/*!40000 ALTER TABLE `tblNews` DISABLE KEYS */;
INSERT INTO `tblNews` VALUES (1,'Международный семинар прошел в Минске','1b73932b902d6d1f79dbb93d3e6bda54.png','<p style=\"margin-top: 25px; margin-bottom: 25px; padding: 0px; border: 0px; outline: 0px; font-size: 14px; vertical-align: baseline; background: transparent; color: rgb(0, 0, 0); font-family: Tahoma, Geneva, sans-serif; text-align: justify;\">С 24 по 27 сентября 2015 года компания&nbsp;<strong style=\"margin: 0px; padding: 0px; border: 0px; outline: 0px; vertical-align: baseline; background: transparent;\">ООО «ТД «Аромадон-Юг»</strong>, представителем которого&nbsp;<strong style=\"margin: 0px; padding: 0px; border: 0px; outline: 0px; vertical-align: baseline; background: transparent;\">ООО «БИЯМИ»</strong>&nbsp;является на протяжении 15 лет, местом проведения своего ежегодного международного семинара выбрал Беларусь. Данное мероприятие всегда проходит с большим размахом и с большим количеством презентаций новых видов пищевых добавок и новых технологий.</p><div class=\"imwr\" style=\"margin: 0px; padding: 18px; border: 1px solid rgb(206, 206, 206); outline: 0px; font-size: 14px; vertical-align: baseline; background-image: initial; background-position: initial; background-size: initial; background-repeat: initial; background-attachment: initial; background-origin: initial; background-clip: initial; transition: all 0.2s linear 0s; overflow: hidden;\"><img alt=\"\" src=\"/uploads/b035a0d6032f8ddb03452e5f6f3e4706.jpg\" style=\"margin: 10px 0px; padding: 0px; outline: 0px; vertical-align: baseline; background: transparent; width: 1007px; display: block; height: 246.715px;\"></div><p></p><p style=\"margin-top: 25px; margin-bottom: 25px; padding: 0px; border: 0px; outline: 0px; font-size: 14px; vertical-align: baseline; background: transparent; color: rgb(0, 0, 0); font-family: Tahoma, Geneva, sans-serif; text-align: justify;\">В рамках мероприятия прошел практический семинар, участниками которого были руководители и технологи из России, Казахстана, Молдавии, Азербайджана, Монголии, Узбекистана, Таджикистана, Украины и Беларуси.</p><p style=\"margin-top: 25px; margin-bottom: 25px; padding: 0px; border: 0px; outline: 0px; font-size: 14px; vertical-align: baseline; background: transparent; color: rgb(0, 0, 0); font-family: Tahoma, Geneva, sans-serif; text-align: justify;\">Предметом работы семинара были вопросы практического применения современных комплексных и функциональных пищевых добавок в производстве всех видов мясных колбасных изделий, деликатесов, полуфабрикатов. Прошла дегустация готовых изделий различной ценовой категории, с повышенными выходами, а также продуктов «Халяль». Помимо мясных колбасных изделий, прошла дегустация шашлыка из свинины, курицы и рыбы в маринадах, являющихся новинкой производства ООО «ТД «Аромадон-Юг».</p><div class=\"imwr\" style=\"margin: 0px; padding: 18px; border: 1px solid rgb(206, 206, 206); outline: 0px; font-size: 14px; vertical-align: baseline; background-image: initial; background-position: initial; background-size: initial; background-repeat: initial; background-attachment: initial; background-origin: initial; background-clip: initial; transition: all 0.2s linear 0s; overflow: hidden;\"><img alt=\"\" src=\"/uploads/132abbdaa0b93808c1dc7d7c079c8a70.jpg\" style=\"margin: 10px 0px; padding: 0px; outline: 0px; vertical-align: baseline; background: transparent; width: 998px; display: block; height: 301.063px;\"></div><p></p><p style=\"margin-top: 25px; margin-bottom: 25px; padding: 0px; border: 0px; outline: 0px; font-size: 14px; vertical-align: baseline; background: transparent; color: rgb(0, 0, 0); font-family: Tahoma, Geneva, sans-serif; text-align: justify;\">Каждый участник семинара смог получить консультацию по применению рассматриваемых ингредиентов в рамках своего предприятия, а также готовые рецептуры дегустируемых изделий.</p><div class=\"imwr\" style=\"margin: 0px; padding: 18px; border: 1px solid rgb(206, 206, 206); outline: 0px; font-size: 14px; vertical-align: baseline; background-image: initial; background-position: initial; background-size: initial; background-repeat: initial; background-attachment: initial; background-origin: initial; background-clip: initial; transition: all 0.2s linear 0s; overflow: hidden;\"><img alt=\"\" src=\"/uploads/ed5f28639dee757ad795e3ab8f592bf5.jpg\" style=\"margin: 10px 0px; padding: 0px; outline: 0px; vertical-align: baseline; background: transparent; width: 997px; display: block; height: 242.603px;\"></div><p></p><p style=\"margin-top: 25px; margin-bottom: 25px; padding: 0px; border: 0px; outline: 0px; font-size: 14px; vertical-align: baseline; background: transparent; color: rgb(0, 0, 0); font-family: Tahoma, Geneva, sans-serif; text-align: justify;\">Не смотря на достигнутые результаты, специалисты ООО «ТД «Аромадон-Юг» и ООО «БИЯМИ» не останавливаются на достигнутом, а постоянно совершенствуют свои разработки и внедряют новинки.</p>',0,0,'2015-10-05 23:07:33','С 24 по 27 сентября 2015 года компания ООО «ТД «Аромадон-Юг», представителем которого ООО «БИЯМИ» является на протяжении 15 лет, местом проведения своего ежегодного международного семинара выбрал Беларусь.'),(2,'Новинки собственного производства','5a5383f2151b5406796435ca021956f2.jpg','<h6 style=\"margin-top: 0px; margin-bottom: 0px; padding: 0px; border: 0px; outline: 0px; font-size: 22px; vertical-align: middle; background: transparent; color: rgb(0, 0, 0); text-shadow: rgb(204, 204, 204) 0px 0px 2px; text-align: center; font-family: Tahoma, Geneva, sans-serif; letter-spacing: normal;\"><p style=\"margin-top: 25px; margin-bottom: 25px; padding: 0px; border: 0px; outline: 0px; font-size: 14px; vertical-align: baseline; background: transparent; text-align: justify;\">Компания \"БИЯМИ\" представляет новинки собственного производства композитные смеси и комплексные пищевые добавки для использования в хлебопекарной отрасли:</p><p style=\"margin-top: 25px; margin-bottom: 25px; padding: 0px; border: 0px; outline: 0px; font-size: 14px; vertical-align: baseline; background: transparent; text-align: justify;\">Смесь композитная&nbsp;<strong style=\"margin: 0px; padding: 0px; border: 0px; outline: 0px; vertical-align: baseline; background: transparent;\">«Колос солодовый»</strong>&nbsp;- смесь для производства хлебов смешанной валки. Состоит из высококачественного ферментативного солода, сухой пшеничной клейковины, картофельной клетчатки. Смесь может быть&nbsp; использована в сухом виде или для приготовления заварки.</p></h6><p style=\"margin-top: 25px; margin-bottom: 25px; padding: 0px; border: 0px; outline: 0px; font-size: 14px; vertical-align: baseline; background: transparent; color: rgb(0, 0, 0); font-family: Tahoma, Geneva, sans-serif; text-align: justify;\"></p><div class=\"imwr\" style=\"margin: 0px; padding: 18px; border: 1px solid rgb(206, 206, 206); outline: 0px; font-size: 14px; vertical-align: baseline; background-image: initial; background-position: initial; background-size: initial; background-repeat: initial; background-attachment: initial; background-origin: initial; background-clip: initial; transition: all 0.2s linear 0s; overflow: hidden;\"><br><img alt=\"\" src=\"http://biyami.by/uploade/image/quick-folder/2_(8).jpg\" style=\"margin: 0px; padding: 0px; outline: 0px; vertical-align: baseline; background: transparent; width: 1000px; display: block; height: 390px;\"></div><p></p><p style=\"margin-top: 25px; margin-bottom: 25px; padding: 0px; border: 0px; outline: 0px; font-size: 14px; vertical-align: baseline; background: transparent; color: rgb(0, 0, 0); font-family: Tahoma, Geneva, sans-serif; text-align: justify;\">Декоративная посыпка&nbsp;<strong style=\"margin: 0px; padding: 0px; border: 0px; outline: 0px; vertical-align: baseline; background: transparent;\">«Амарантовый микс»</strong>&nbsp;представляет собой смесь семян льна, мака и амарантовой крупчатки. Используется для декорирования поверхности как хлебов, так и булочных изделий.</p><p style=\"margin-top: 25px; margin-bottom: 25px; padding: 0px; border: 0px; outline: 0px; font-size: 14px; vertical-align: baseline; background: transparent; color: rgb(0, 0, 0); font-family: Tahoma, Geneva, sans-serif; text-align: justify;\"></p><div class=\"imwr\" style=\"margin: 0px; padding: 18px; border: 1px solid rgb(206, 206, 206); outline: 0px; font-size: 14px; vertical-align: baseline; background-image: initial; background-position: initial; background-size: initial; background-repeat: initial; background-attachment: initial; background-origin: initial; background-clip: initial; transition: all 0.2s linear 0s; overflow: hidden;\"><br><img alt=\"\" src=\"http://biyami.by/uploade/image/quick-folder/1_(5).jpg\" style=\"margin: 0px; padding: 0px; outline: 0px; vertical-align: baseline; background: transparent; width: 1000px; display: block; height: 351.667px;\"></div><p></p><p style=\"margin-top: 25px; margin-bottom: 25px; padding: 0px; border: 0px; outline: 0px; font-size: 14px; vertical-align: baseline; background: transparent; color: rgb(0, 0, 0); font-family: Tahoma, Geneva, sans-serif; text-align: justify;\">Комплексная пищевая добавка&nbsp;<strong style=\"margin: 0px; padding: 0px; border: 0px; outline: 0px; vertical-align: baseline; background: transparent;\">«Колос-микс»</strong>&nbsp;используется для производства зерновых изделий. Состоит из семян подсолнечника, семян льна, амарантовой&nbsp; крупчатки, сухой пшеничной клейковины, картофельной клетчатки и комплекса ферментных препаратов.</p><p style=\"margin-top: 25px; margin-bottom: 25px; padding: 0px; border: 0px; outline: 0px; font-size: 14px; vertical-align: baseline; background: transparent; color: rgb(0, 0, 0); font-family: Tahoma, Geneva, sans-serif; text-align: justify;\"></p><div class=\"imwr\" style=\"margin: 0px; padding: 18px; border: 1px solid rgb(206, 206, 206); outline: 0px; font-size: 14px; vertical-align: baseline; background-image: initial; background-position: initial; background-size: initial; background-repeat: initial; background-attachment: initial; background-origin: initial; background-clip: initial; transition: all 0.2s linear 0s; overflow: hidden;\"><br><img alt=\"\" src=\"http://biyami.by/uploade/image/quick-folder/3_(7).jpg\" style=\"margin: 0px; padding: 0px; outline: 0px; vertical-align: baseline; background: transparent; width: 1000px; display: block; height: 365px;\"></div><p></p><p style=\"margin-top: 25px; margin-bottom: 25px; padding: 0px; border: 0px; outline: 0px; font-size: 14px; vertical-align: baseline; background: transparent; color: rgb(0, 0, 0); font-family: Tahoma, Geneva, sans-serif; text-align: justify;\">Комплексная пищевая добавка&nbsp;<strong style=\"margin: 0px; padding: 0px; border: 0px; outline: 0px; vertical-align: baseline; background: transparent;\">«Колос золотистый»</strong>&nbsp;используется для производства пшеничных хлебобулочных изделий. Состоит из сухой пшеничной клейковины, картофельной клетчатки и комплекса ферментных препаратов.</p><p style=\"margin-top: 25px; margin-bottom: 25px; padding: 0px; border: 0px; outline: 0px; font-size: 14px; vertical-align: baseline; background: transparent; color: rgb(0, 0, 0); font-family: Tahoma, Geneva, sans-serif; text-align: justify;\"></p><div class=\"imwr\" style=\"margin: 0px; padding: 18px; border: 1px solid rgb(206, 206, 206); outline: 0px; font-size: 14px; vertical-align: baseline; background-image: initial; background-position: initial; background-size: initial; background-repeat: initial; background-attachment: initial; background-origin: initial; background-clip: initial; transition: all 0.2s linear 0s; overflow: hidden;\"><img src=\"/uploads/f87cc62638776b6fd4047d37e9de3b40.jpg\" style=\"width: 1001px; height: 413.708px;\"><br></div><p></p><p style=\"margin-top: 25px; margin-bottom: 25px; padding: 0px; border: 0px; outline: 0px; font-size: 14px; vertical-align: baseline; background: transparent; color: rgb(0, 0, 0); font-family: Tahoma, Geneva, sans-serif; text-align: justify;\">Все новинки состоят из натуральных продуктов и не содержат пищевых Е-добавок.</p>',0,0,'2015-08-03 23:55:28','Компания \"БИЯМИ\" представляет новинки собственного производства композитные смеси и комплексные пищевые добавки для использования в хлебопекарной отрасли'),(3,'ООО «БИЯМИ» провело семинар-практикум в Гродно','6dec43edf01427623de4f28845440be3.jpg','<p style=\"margin-top: 25px; margin-bottom: 25px; padding: 0px; border: 0px; outline: 0px; font-size: 14px; vertical-align: baseline; background: transparent; color: rgb(0, 0, 0); font-family: Tahoma, Geneva, sans-serif; text-align: justify;\"><span style=\"margin: 0px; padding: 0px; border: 0px; outline: 0px; vertical-align: baseline; background: transparent;\">Технологами ООО «БИЯМИ» 20-21 ноября 2013 года был проведен семинар-практикум на тему «Чешские продукты (улучшители, смеси, начинки) в хлебобулочных, кондитерских изделиях».</span></p><p style=\"margin-top: 25px; margin-bottom: 25px; padding: 0px; border: 0px; outline: 0px; font-size: 14px; vertical-align: baseline; background: transparent; color: rgb(0, 0, 0); font-family: Tahoma, Geneva, sans-serif; text-align: justify;\"><span style=\"margin: 0px; padding: 0px; border: 0px; outline: 0px; vertical-align: baseline; background: transparent;\">Была проведена пробная выпечка хлебобулочных изделий из ржано-пшеничной и пшеничной муки с добавлением улучшителей производства «KONTINUA-zlepsujici pripravky s.r.o.» (Чехия).</span></p><p style=\"margin-top: 25px; margin-bottom: 25px; padding: 0px; border: 0px; outline: 0px; font-size: 14px; vertical-align: baseline; background: transparent; color: rgb(0, 0, 0); font-family: Tahoma, Geneva, sans-serif; text-align: justify;\">&nbsp;</p><div class=\"imwr\" style=\"margin: 0px; padding: 18px; border: 1px solid rgb(206, 206, 206); outline: 0px; font-size: 14px; vertical-align: baseline; background-image: initial; background-position: initial; background-size: initial; background-repeat: initial; background-attachment: initial; background-origin: initial; background-clip: initial; transition: all 0.2s linear 0s; overflow: hidden;\"><img src=\"/uploads/c96a8ac46d7198d598e846a0eae2ed96.jpg\" style=\"width: 1002.96px; height: 458px;\"><br></div><p></p><p style=\"margin-top: 25px; margin-bottom: 25px; padding: 0px; border: 0px; outline: 0px; font-size: 14px; vertical-align: baseline; background: transparent; color: rgb(0, 0, 0); font-family: Tahoma, Geneva, sans-serif; text-align: justify;\"><span style=\"margin: 0px; padding: 0px; border: 0px; outline: 0px; vertical-align: baseline; background: transparent;\">Также было проведена выпечка кондитерских изделий из йогуртной смеси этого чешского производителя, приготовление которых основывается только на добавлении воды в смесь.&nbsp;</span></p><p style=\"margin-top: 25px; margin-bottom: 25px; padding: 0px; border: 0px; outline: 0px; font-size: 14px; vertical-align: baseline; background: transparent; color: rgb(0, 0, 0); font-family: Tahoma, Geneva, sans-serif; text-align: justify;\">&nbsp;</p><div class=\"imwr\" style=\"margin: 0px; padding: 18px; border: 1px solid rgb(206, 206, 206); outline: 0px; font-size: 14px; vertical-align: baseline; background-image: initial; background-position: initial; background-size: initial; background-repeat: initial; background-attachment: initial; background-origin: initial; background-clip: initial; transition: all 0.2s linear 0s; overflow: hidden;\"><img src=\"/uploads/f6538d04b5b875f3b8f99a80dca8b6dd.jpg\" style=\"width: 1001px; height: 594.042px;\"><br></div><p></p><p style=\"margin-top: 25px; margin-bottom: 25px; padding: 0px; border: 0px; outline: 0px; font-size: 14px; vertical-align: baseline; background: transparent; color: rgb(0, 0, 0); font-family: Tahoma, Geneva, sans-serif; text-align: justify;\">Н<span style=\"margin: 0px; padding: 0px; border: 0px; outline: 0px; vertical-align: baseline; background: transparent;\">а изделиях был опробован новый вид чесночной посыпки производства «KONTINUA-zlepsujici pripravky s.r.o.», а также были рассмотрены различные виды разделки хлебобулочных изделий.</span></p><p style=\"margin-top: 25px; margin-bottom: 25px; padding: 0px; border: 0px; outline: 0px; font-size: 14px; vertical-align: baseline; background: transparent; color: rgb(0, 0, 0); font-family: Tahoma, Geneva, sans-serif; text-align: justify;\"></p><div class=\"imwr\" style=\"margin: 0px; padding: 18px; border: 1px solid rgb(206, 206, 206); outline: 0px; font-size: 14px; vertical-align: baseline; background-image: initial; background-position: initial; background-size: initial; background-repeat: initial; background-attachment: initial; background-origin: initial; background-clip: initial; transition: all 0.2s linear 0s; overflow: hidden;\"><img src=\"/uploads/579a2f2bf110947307883388fcc25132.jpg\" style=\"width: 1003.6px; height: 350.969px;\"><br></div><p></p><p style=\"margin-top: 25px; margin-bottom: 25px; padding: 0px; border: 0px; outline: 0px; font-size: 14px; vertical-align: baseline; background: transparent; color: rgb(0, 0, 0); font-family: Tahoma, Geneva, sans-serif; text-align: justify;\">&nbsp; &nbsp; &nbsp;</p><p style=\"margin-top: 25px; margin-bottom: 25px; padding: 0px; border: 0px; outline: 0px; font-size: 14px; vertical-align: baseline; background: transparent; color: rgb(0, 0, 0); font-family: Tahoma, Geneva, sans-serif; text-align: justify;\"><span style=\"margin: 0px; padding: 0px; border: 0px; outline: 0px; vertical-align: baseline; background: transparent;\">В семинаре приняли участие представители всех филиалов Гродненского областного потребительского общества: Вороновский, Дятловский, Гродненский, Зельвенский, Кореличский, Лидский, Мостовский, Островецкий, Ошмянский, Свислочский, Сморгонский и Щучинский филиалы.</span></p><p style=\"margin-top: 25px; margin-bottom: 25px; padding: 0px; border: 0px; outline: 0px; font-size: 14px; vertical-align: baseline; background: transparent; color: rgb(0, 0, 0); font-family: Tahoma, Geneva, sans-serif; text-align: justify;\"><span style=\"margin: 0px; padding: 0px; border: 0px; outline: 0px; vertical-align: baseline; background: transparent;\">&nbsp;Улучшители, смеси и начинки чешского производителя «KONTINUA-zlepsujici pripravky s.r.o.» были по достоинству оценены хлебными технологами, участвовавшими в семинаре. Доказательством вышесказанного выступает успешное внедрение новых хлебных рецептур и увеличение продаж продукции «KONTINUA-zlepsujici pripravky s.r.o.» на территории нашей республики.</span></p>',0,0,'2013-11-22 00:01:00','Технологами ООО «БИЯМИ» 20-21 ноября 2013 года был проведен семинар-практикум на тему «Чешские продукты (улучшители, смеси, начинки) в хлебобулочных, кондитерских изделиях»');
/*!40000 ALTER TABLE `tblNews` ENABLE KEYS */;
UNLOCK TABLES;

--
-- Table structure for table `tblOrder`
--

DROP TABLE IF EXISTS `tblOrder`;
/*!40101 SET @saved_cs_client     = @@character_set_client */;
/*!40101 SET character_set_client = utf8 */;
CREATE TABLE `tblOrder` (
  `id` int(11) NOT NULL AUTO_INCREMENT,
  `name` varchar(255) COLLATE utf8_unicode_ci NOT NULL,
  `phone` varchar(255) COLLATE utf8_unicode_ci NOT NULL,
  `order_text` longtext COLLATE utf8_unicode_ci NOT NULL,
  `is_remove` tinyint(1) NOT NULL,
  `is_processed` tinyint(1) NOT NULL,
  `created_at` datetime NOT NULL,
  PRIMARY KEY (`id`)
) ENGINE=InnoDB DEFAULT CHARSET=utf8 COLLATE=utf8_unicode_ci;
/*!40101 SET character_set_client = @saved_cs_client */;

--
-- Dumping data for table `tblOrder`
--

LOCK TABLES `tblOrder` WRITE;
/*!40000 ALTER TABLE `tblOrder` DISABLE KEYS */;
/*!40000 ALTER TABLE `tblOrder` ENABLE KEYS */;
UNLOCK TABLES;

--
-- Table structure for table `tblPartner`
--

DROP TABLE IF EXISTS `tblPartner`;
/*!40101 SET @saved_cs_client     = @@character_set_client */;
/*!40101 SET character_set_client = utf8 */;
CREATE TABLE `tblPartner` (
  `id` int(11) NOT NULL AUTO_INCREMENT,
  `link` varchar(255) COLLATE utf8_unicode_ci NOT NULL,
  `imageUrl` varchar(255) COLLATE utf8_unicode_ci DEFAULT NULL,
  `is_remove` tinyint(1) NOT NULL,
  `is_hide` tinyint(1) NOT NULL,
  `created_at` datetime NOT NULL,
  PRIMARY KEY (`id`)
) ENGINE=InnoDB AUTO_INCREMENT=7 DEFAULT CHARSET=utf8 COLLATE=utf8_unicode_ci;
/*!40101 SET character_set_client = @saved_cs_client */;

--
-- Dumping data for table `tblPartner`
--

LOCK TABLES `tblPartner` WRITE;
/*!40000 ALTER TABLE `tblPartner` DISABLE KEYS */;
INSERT INTO `tblPartner` VALUES (1,'http://aromadon.ru/','73a907b02b6243ebf6496488c5f31e86.png',0,0,'2019-05-19 22:55:09'),(2,'https://www.culinar.se/','8f729177e367d1f04c9cb05fc6d669c0.jpg',0,0,'2019-05-19 22:58:02'),(3,'http://www.sojaprotein.rs/','a93833acc5dcc5ec0f5945f2c42b6a9a.png',0,0,'2019-05-19 22:58:26'),(4,'http://kontinua.cz/','e883cb39c365569e74aa71fad1b904b2.png',0,0,'2019-05-19 22:58:51'),(5,'https://hydrosol.de','41164f6746392a84cd84809c303696be.png',0,0,'2019-05-19 22:59:19'),(6,'https://muehlenchemie.de','ccb62778bd4f331c1ba8e0b985de5b61.png',0,0,'2019-05-19 22:59:44');
/*!40000 ALTER TABLE `tblPartner` ENABLE KEYS */;
UNLOCK TABLES;

--
-- Table structure for table `tblProduct`
--

DROP TABLE IF EXISTS `tblProduct`;
/*!40101 SET @saved_cs_client     = @@character_set_client */;
/*!40101 SET character_set_client = utf8 */;
CREATE TABLE `tblProduct` (
  `id` int(11) NOT NULL AUTO_INCREMENT,
  `category` int(11) DEFAULT NULL,
  `title` varchar(255) COLLATE utf8_unicode_ci NOT NULL,
  `description` longtext COLLATE utf8_unicode_ci NOT NULL,
  `is_remove` tinyint(1) NOT NULL,
  `is_hide` tinyint(1) NOT NULL,
  `created_at` datetime NOT NULL,
  PRIMARY KEY (`id`),
  KEY `IDX_6862B30D64C19C1` (`category`),
  CONSTRAINT `FK_6862B30D64C19C1` FOREIGN KEY (`category`) REFERENCES `tblCategory` (`id`)
) ENGINE=InnoDB AUTO_INCREMENT=103 DEFAULT CHARSET=utf8 COLLATE=utf8_unicode_ci;
/*!40101 SET character_set_client = @saved_cs_client */;

--
-- Dumping data for table `tblProduct`
--

LOCK TABLES `tblProduct` WRITE;
/*!40000 ALTER TABLE `tblProduct` DISABLE KEYS */;
INSERT INTO `tblProduct` VALUES (1,1,'Биямикс-гель 5','Добавку комплексную пищевую «Биямикс–гель 5» применяют при изготовлении колбасных изделий, паштетов, рубленых полуфабрикатов, пельменей, продуктов из свинины, из говядины и из мяса птицы. Дозировка: до 3,0 % «Биямикс–гель 5» в сухом виде к массе сырья',0,0,'2019-05-20 23:45:17'),(2,1,'Биямикс-гель 7','Добавку комплексную пищевую «Биямикс–гель 7» применяют при изготовлении колбасных изделий, паштетов, рубленых полуфабрикатов, пельменей, продуктов из свинины, из говядины и из мяса птицы. Дозировка: до 3,0 % «Биямикс–гель 7» в сухом виде к массе сырья',0,0,'2019-05-20 23:45:42'),(3,1,'Биямикс-универсал 7 (вкус «Докторская»)','Добавку комплексную пищевую «Биямикс–универсал 7» (вкус «Докторская») применяют при изготовлении изделий колбасных вареных, продуктов из говядины, свинины и мяса птицы.  Дозировка:  2,5 % к массе мясного сырья с учетом выхода готового продукта',0,0,'2019-05-20 23:46:12'),(4,1,'Биямикс-универсал 7 (вкус «Чайная»)','Добавку комплексную пищевую «Биямикс–универсал 7» (вкус «Чайная») применяют при изготовлении вареных рубленых ветчин, вареных колбасных изделий; в составе рассолов. Дозировка: до 2,5 % к массе мясного сырья с учетом выхода готового продукта',0,0,'2019-05-20 23:46:39'),(5,1,'Биямикс-универсал 7 (вкус «Молочная»)','Добавку комплексную пищевую «Биямикс–универсал 7» (вкус «Молочная») применяют при изготовлении изделий колбасных вареных, продуктов из говядины, свинины и мяса птицы. Дозировка: до 2,5 % к массе мясного сырья с учетом выхода готового продукта',0,0,'2019-05-20 23:47:08'),(6,1,'Биямикс-универсал 7 (вкус «Русская»)','Добавку комплексную пищевую «Биямикс–универсал 7» (вкус «Русская») применяют при изготовлении изделий колбасных вареных, продуктов из говядины, свинины и мяса птицы.Дозировка: до 3 % к массе мясного сырья с учетом выхода готового продукта',0,0,'2019-05-20 23:47:28'),(7,1,'Биямикс-темп 2','Добавку  комплексную пищевую «Биямикс–темп 2» применяют для ускорения созревания сырья при изготовлении варено- копченых, сырокопченых, сыровяленых колбас. Дозировка: до 1% «Биямикс–темп 2» к массе сырья',0,0,'2019-05-20 23:47:48'),(8,1,'Биямикс-темп 4','Добавку комплексную пищевую «Биямикс–темп 4» применяют для ускорения созревания сырья при изготовлении варено- копченых, сырокопченых, сыровяленых колбас. Дозировка: до 1,2 % «Биямикс–темп 4» к массе сырья',0,0,'2019-05-20 23:48:06'),(9,1,'Биямикс-комби 1','Добавку комплексную пищевую «Биямикс–комби 1» применяют при изготовлении колбасных изделий, продуктов из свинины, из говядины и из мяса птицы. Дозировка: до 1,4 % «Биямикс–комби 1» в сухом виде к массе сырья',0,0,'2019-05-20 23:48:31'),(10,1,'Биямикс-комби 7','Добавку комплексную пищевую «Биямикс–комби 7» применяют при изготовлении колбасных изделий, продуктов из свинины, из говядины и из мяса птицы. Дозировка: до 1,7 % «Биямикс–комби 7» в сухом виде к массе сырья',0,0,'2019-05-20 23:49:03'),(11,1,'Биямикс-комби 37','Добавку комплексную пищевую «Биямикс–комби 37» применяют при изготовлении колбасных изделий, продуктов из свинины, из говядины и из мяса птицы. Дозировка: до 1,7 % «Биямикс–комби 37» в сухом виде к массе сырья',0,0,'2019-05-20 23:49:23'),(12,1,'Биямикс–универсал 17 (вкус «Докторская»)','Добавку комплексную пищевую «Биямикс–универсал 17» (вкус «Докторская») применяют при изготовлении изделий колбасных вареных, продуктов из говядины, свинины и мяса птицы. Дозировка: до 2,5 % к массе мясного сырья с учетом выхода готового продукта',0,0,'2019-05-20 23:49:42'),(13,1,'Биямикс–универсал 17 (вкус «Молочная»)','Добавку комплексную пищевую «Биямикс–универсал 17» (вкус «Молочная») применяют при изготовлении изделий колбасных вареных, продуктов из говядины, свинины и мяса птицы. Дозировка: до 2,5 % к массе мясного сырья с учетом выхода готового продукта',0,0,'2019-05-20 23:50:04'),(14,1,'Биямикс–универсал 17 (вкус «Чайная»)','Добавку комплексную пищевую «Биямикс–универсал 17» (вкус «Чайная») применяют при изготовлении изделий колбасных вареных, продуктов из говядины, свинины и мяса птицы. Дозировка: до 2,5 % к массе мясного сырья с учетом выхода готового продукта',0,0,'2019-05-20 23:50:22'),(15,1,'Биямикс–универсал 17 (вкус «Любительская»)','Добавку комплексную пищевую «Биямикс–универсал 17» (вкус «Любительская») применяют при изготовлении изделий колбасных вареных, продуктов из говядины, свинины и мяса птицы. Дозировка: до 2,5 % к массе мясного сырья с учетом выхода готового продукта',0,0,'2019-05-20 23:50:43'),(16,1,'Биямикс–универсал 17 (вкус «Русская»)','Добавку комплексную пищевую «Биямикс–универсал 17» (вкус «Русская») применяют при изготовлении изделий колбасных вареных, продуктов из говядины, свинины и мяса птицы. Дозировка: до 3 % к массе мясного сырья с учетом выхода готового продукта',0,0,'2019-05-20 23:51:02'),(17,1,'ЛЮКС 1','Добавку комплексную пищевую «Люкс 1» применяют для улучшения органолептических показателей колбасных изделий для школьного и дошкольного питания. Дозировка: до 1,5 % «Люкс 1» к массе сырья.',0,0,'2019-05-20 23:51:17'),(18,2,'«Сервелат» 0610421','Применяется для варено-копченых колбас типа «Сервелат» :\r\n- создает хорошо выраженный вкус и аромат; \r\n- повышает влагоудерживающую способность, стабильность фарша;\r\n- способствует цветообразованию, улучшению цвета.\r\n Дозировка: 5 г на 1 кг фарша',0,0,'2019-06-22 15:39:30'),(19,2,'«Сервелат» 0603521','Для всех видов колбасных изделий \r\n- формирует яркий, насыщенный вкус и аромат готового продукта;\r\n- улучшает органолептические показатели готового продукта;\r\n- улучшает микробиологические характеристики фарша;\r\n- совместима с ингредиентами колбасного производства;\r\n- не требует изменения технологического процесса.\r\n Дозировка: 3-4 г на 1 кг фарша',0,0,'2019-06-22 15:40:16'),(20,2,'«Докторская» 0603501','Для всех видов колбасных изделий \r\n- формирует яркий, насыщенный вкус и аромат готового продукта;\r\n- улучшает органолептические показатели готового продукта;\r\n- улучшает микробиологические характеристики фарша;\r\n- совместима с ингредиентами колбасного производства;\r\n- не требует изменения технологического процесса.\r\nДозировка: 3-4 г на 1 кг фарша',0,0,'2019-06-22 15:43:39'),(21,2,'«Молочная» 0603503','Для всех видов колбасных изделий\r\n- формирует яркий, насыщенный вкус и аромат готового продукта;\r\n- улучшает органолептические показатели готового продукта;\r\n- улучшает микробиологические характеристики фарша;\r\n- совместима с ингредиентами колбасного производства;\r\n- не требует изменения технологического процесса.\r\nДозировка: 3-4 г на 1 кг фарша',0,0,'2019-06-22 15:48:25'),(22,2,'«Русская» 0603506','Для всех видов колбасных изделий\r\n- формирует яркий, насыщенный вкус и аромат готового продукта;\r\n- улучшает органолептические показатели готового продукта;\r\n- улучшает микробиологические характеристики фарша;\r\n- совместима с ингредиентами колбасного производства;\r\n- не требует изменения технологического процесса.\r\nДозировка: 3-4 г на 1 кг фарша',0,0,'2019-06-22 16:35:44'),(23,2,'«Чайная» 0603508','Для всех видов колбасных изделий\r\n- формирует яркий, насыщенный вкус и аромат готового продукта;\r\n- улучшает органолептические показатели готового продукта;\r\n- улучшает микробиологические характеристики фарша;\r\n- совместима с ингредиентами колбасного производства;\r\n- не требует изменения технологического процесса.\r\nДозировка: 3-4 г на 1 кг фарша',0,0,'2019-06-22 16:36:11'),(24,2,'«Аромикс 44» 061284','Комплексная смесь на фосфатной основе для сосисок и сарделек с вкусом копчения, для копченых колбас сервелатного направления. \r\n- отличная способность связывать и эмульгировать мясную массу;\r\n- способность быстрому образованию и стабилизации цвета;\r\n- максимально снижает потери при термообработки;\r\n- повышает плотность продукта;\r\n- формирует яркий, насыщенный вкус и аромат готового продукта.\r\nДозировка: 10 г на 1 кг фарша',0,0,'2019-06-22 16:36:40'),(25,2,'«Аромикс 7» 0612807','Комплексная смесь на фосфатной основе для полукопченых и варено-копченых колбас.\r\n- отличная способность связывать и эмульгировать мясную массу;\r\n- способность быстрому образованию и стабилизации цвета;\r\n- улучшает органолептические показатели при использовании дефростированного мяса, ММД птицы, при высоких уровнях замены мясного сырья;\r\n- формирует яркий, насыщенный вкус и аромат готового продукта.\r\nДозировка: 10 г на 1 кг фарша',0,0,'2019-06-22 16:37:11'),(26,2,'«Аромикс 37» 0612837','Фосфатной основе для полукопченых и варено-копченых колбас.\r\n- отличная способность связывать и эмульгировать мясную массу;\r\n- способность быстрому образованию и стабилизации цвета;\r\n- улучшает органолептические показатели при использовании дефростированного мяса, ММД птицы, при высоких уровнях замены мясного сырья;\r\n- формирует яркий, насыщенный вкус и аромат готового продукта.\r\nДозировка: 10 г на 1 кг фарша',0,0,'2019-06-22 16:37:36'),(27,2,'«Супермикс 9»','Используется для всех видов колбас с заменой основного мясного сырья от 30% до 60%.\r\n- повышает стабильность эмульсии;\r\n- предотвращает образование жировых отеков;\r\n- стабилизирует цвет на разрезе;\r\n- уменьшает потери при термообработке;\r\n- формирует яркий, насыщенный вкус и аромат готового продукта.\r\nДозировка: 10 г на 1 кг фарша',0,0,'2019-06-22 16:38:01'),(28,2,'«Супермикс 10»','Используется для всех видов колбас с заменой основного мясного сырья от 20% до 50%.\r\n- хорошо связывает и эмульгирует мясную массу;\r\n- предотвращает образование жировых и бульонных отеков;\r\n- стабилизирует цвет;\r\n- формирует яркий, насыщенный вкус и аромат готового продукта.\r\nДозировка: 10 г на 1 кг фарша',0,0,'2019-06-22 16:38:24'),(29,2,'«Куттер-Дон 5» 0608905','Освежитель мяса для всех видов колбас, ветчинных изделий, полуфабрикатов и др. \r\n- устраняет привкус «старого» мяса при длительном хранении;\r\n- препятствует развитию микробных клеток;\r\n- стабилизирует рН при длительном хранении.\r\n Дозировка: 8-10 г на 1 кг фарша',0,0,'2019-06-22 16:39:01'),(30,2,'«Куттер-Дон 14» 0608914','Животный белок, получаемый из свежей свиной шкурки, применяется во всех видах продуктов, для инъецированных цельномышечных продуктов, реструктурированных ветчин из говядины, свинины и мяса птицы.\r\nКуттер-Дон 14 используется без изменения ведения технологического процесса. В зависимости от условий способы введения белка при приготовлении фарша могут быть следующими:\r\n- в сухом виде;\r\n- в виде геля;\r\n- в составе белково-жировой эмульсии;\r\n- в виде гранул;\r\n- в виде рассола.',0,0,'2019-06-22 16:39:31'),(31,2,'«Куттер-Дон 15» 0608915','Функциональная добавка для всех видов колбасных изделий.\r\n- способствует увеличению выхода готового продукта;\r\n- снижает риск образования бульонных и бульонно-жировых отеков;\r\n- повышает плотность продукта;\r\n- уменьшает потери при термообработке;\r\n- влагосвязывающая способность 1:90.\r\n Дозировка: 1-8 г на 1 кг фарша',0,0,'2019-06-22 16:40:03'),(32,2,'«Говядина» 91001','Предназначена для любых видов измельченных мясных продуктов и мясных эмульсий, соленых вареных изделий, а также для продуктов, требующих типичного вкуса говядины. \r\n- усиливает и дополняет существующий мясной вкус;\r\n- придает другим пищевым продуктам типичный вкус говядины.\r\nДозировка: 2-4 г на 1 кг фарша',0,0,'2019-06-22 16:47:41'),(33,2,'«Свинина» 91304','Предназначена для любых видов измельченных мясных продуктов и мясных эмульсий, соленых вареных изделий, а также для продуктов, требующих типичного вкуса свинины. \r\n- усиливает и дополняет существующий мясной вкус;\r\n- придает другим пищевым продуктам типичный вкус свинины.\r\nДозировка: 2-4 г на 1 кг фарша',0,0,'2019-06-22 16:50:05'),(34,2,'«Курица» 91102','Предназначена для любых видов продуктов из птицы, мясных продуктов, мясных эмульсий и других продуктов. \r\n- придает специфический вкус не только изделиям из птицы, но и завершает обработку других мясных изделий, придавая им приятный вкус.\r\nДозировка: 2-4 г на 1 кг фарша',0,0,'2019-06-22 16:50:29'),(35,2,'«Бекон» 91203','Предназначена для любых видов измельченных мясных продуктов и мясных эмульсий, соленых вареных изделий, а также для продуктов, требующих типичного вкуса бекона. \r\n- усиливает и дополняет существующий мясной вкус;\r\n- придает другим пищевым продуктам типичный вкус бекона.\r\nДозировка: 2-4 г на 1 кг фарша',0,0,'2019-06-22 16:51:04'),(36,2,'«Мастермикс 19» 0509819','Используется для улучшения текстуры и внешнего вида продукции из говядины, свинины, птицы и рыбы. \r\n- позволяет улучшить структуру и внешний вид изделий;\r\n- снижает затраты за счет частичной замены мясного сырья;\r\n- обладает хорошими водосвязывающими и эмульгирующими свойствами;\r\n- позволяет снизить калорийность продукта.',0,0,'2019-06-22 16:51:21'),(37,2,'«Мастермикс 30» 0509830','Используется при производстве всех видов колбасных изделий в качестве красителя.\r\n- дает хорошую стабильность цвета;\r\n- быстрое и надежное развитие цвета;\r\n- придает готовым изделиям привлекательный цвет.\r\nДозировка: 0,8-1,0 на 1 кг вареных колбасных изделий; 1,0-1,5 г на 1 кг копченых колбас',0,0,'2019-06-22 16:51:45'),(38,2,'«Аромикс 17»','Комплексная смесь на фосфатной основе для рубленых полуфабрикатов, пельменей, мантов и др. \r\n- обладает высокой способностью растворять мясной протеин;\r\n- позволяет уменьшить потери влаги при хранении и варке;\r\n- формирует яркий, насыщенный вкус и аромат готового продукта.\r\nДозировка: 6 г на 1 кг фарша',0,0,'2019-06-22 16:52:05'),(39,2,'«Аромикс 22»','Комплексная смесь на фосфатной основе для рубленых полуфабрикатов, пельменей, мантов и др.\r\n- обладает высокой способностью растворять мясной протеин;\r\n- позволяет уменьшить потери влаги при хранении и варке;\r\n- формирует яркий, насыщенный вкус и аромат готового продукта.\r\nДозировка: 6 г на 1 кг фарша',0,0,'2019-06-22 16:52:19'),(40,2,'«Аромикс 23»','Комплексная смесь на фосфатной основе для рубленых полуфабрикатов, пельменей, мантов и др.\r\n- обладает высокой способностью растворять мясной протеин;\r\n- позволяет уменьшить потери влаги при хранении и варке;\r\n- формирует яркий, насыщенный вкус и аромат готового продукта.\r\nДозировка: 6 г на 1 кг фарша',0,0,'2019-06-22 16:53:06'),(41,3,'Приправы для кур-гриль, мяса, картофеля и универсальные.','Для кур-гриль: паприка, кориандр, куркума, чили, имбирь, соль;\r\nДля кур-гриль чесночная: чеснок, паприка, чили, майоран, розмарин, соль;\r\nДля мяса по Баварски: горчица, чеснок, мускат, перцы, паприка, соль;\r\nДля картофеля: лук, паприка, имбирь, куркума, чили, кориандр, соль;\r\nПриправа универсальная: морковь, чеснок, паприка, лук, зелень, соль;\r\nПриправа универсальная: укроп, чеснок, петрушка; \r\nПриправа универсальная: паприка, чеснок, перец черный, перец душистый, перец красный, хлорид натрия, перец белый, сахара, пряные травы;\r\nСоль Адыгейская: соль, чеснок, пряные травы.\r\nДозировка: 3-5 г/кг',0,0,'2019-06-22 16:54:00'),(42,3,'Перец черный молотый','Банка 200 мл/150 г',0,0,'2019-06-23 23:10:40'),(43,3,'Перец черный горошек','Банка 200 мл/140 г',0,0,'2019-06-23 23:10:54'),(44,3,'Перец душистый горошек','Банка 200 мл/100 г',0,0,'2019-06-23 23:11:05'),(45,3,'Перец душистый молотый','Банка 200 мл/120 г',0,0,'2019-06-23 23:11:20'),(46,3,'Перец красный молотый','Банка 200 мл/125 г',0,0,'2019-06-23 23:11:31'),(47,3,'Чеснок сушеный гранулированный','Банка 200 мл/190 г',0,0,'2019-06-23 23:11:42'),(48,3,'Мускатный орех молотый','Банка 200 мл/135 г',0,0,'2019-06-23 23:11:52'),(49,3,'Укроп сушеный','Банка 200 мл/25 г',0,0,'2019-06-23 23:12:03'),(50,3,'Имбирь молотый','Банка 200 мл/ 125 г',0,0,'2019-06-23 23:12:14'),(51,3,'Кориандр молотый','Банка 200 мл/110 г',0,0,'2019-06-23 23:12:24'),(52,3,'Приправа для шашлыка','Банка 200 мл/125 г',0,0,'2019-06-23 23:12:35'),(53,3,'Приправа \"5 перцев\"','Банка 200 мл/130 г',0,0,'2019-06-23 23:12:45'),(54,3,'Приправа для курицы','Банка 200 мл/125 г',0,0,'2019-06-23 23:12:56'),(55,3,'Приправа \"Зирвак\" для плова','Банка 200 мл/125 г',0,0,'2019-06-23 23:13:05'),(56,3,'Приправа \"Мексиканская\"','Банка 200 мл/150 г',0,0,'2019-06-23 23:13:13'),(57,3,'Приправа \"Сиамская\"','Банка 200 мл/125 г',0,0,'2019-06-23 23:13:23'),(58,3,'Приправа \"Букет гарни для ухи\"','Банка 200 мл/100 г',0,0,'2019-06-23 23:13:32'),(59,3,'Приправа для гриля','Банка 200 мл/125 г',0,0,'2019-06-23 23:13:42'),(60,3,'Приправа \"Хмели-сунели\"','Банка 200 мл/100 г',0,0,'2019-06-23 23:13:52'),(61,3,'Приправа \"Петрушка\"','Банка 200 мл/50 г',0,0,'2019-06-23 23:14:03'),(62,3,'Приправа \"Для говядины\"','Банка 200 мл/125 г',0,0,'2019-06-23 23:14:19'),(63,3,'Приправа \"Аджика\"','Банка 200 мл/125 г',0,0,'2019-06-23 23:14:26'),(64,3,'Приправа \"Смесь паприк\"','Банка 200 мл/100 г',0,0,'2019-06-23 23:14:36'),(65,3,'Приправа \"Для бифштексов и котлет\"','Банка 200 мл/125 г',0,0,'2019-06-23 23:14:47'),(66,3,'Перец белый молотый','Банка 200 мл/150 г',0,0,'2019-06-23 23:14:56'),(67,3,'Приправа \"Для рыбы\"','Банка 200 мл/125 г',0,0,'2019-06-23 23:15:06'),(68,3,'Приправа \"Карри индийский\"','Банка 200 мл/125 г',0,0,'2019-06-23 23:15:15'),(69,3,'Приправа \"Базилик\"','Банка 200 мл/40 г',0,0,'2019-06-23 23:15:26'),(70,3,'Приправа белый горошек','Банка 200 мл/150 г',0,0,'2019-06-23 23:15:39'),(71,3,'Приправа \"Прованские травы\"','Банка 200 мл/50 г',0,0,'2019-06-23 23:15:49'),(72,3,'Экстракт мускатного ореха','',0,0,'2019-06-23 23:17:40'),(73,3,'Экстракт душистого перца','',0,0,'2019-06-23 23:18:57'),(74,3,'Экстракт чёрного перца','',0,0,'2019-06-23 23:19:03'),(75,3,'Экстракт красного жгучего перца','',0,0,'2019-06-23 23:19:11'),(76,4,'Обезжиренная термически обработанная мука \"СОПРО-ТБ 200\"','Используется в качестве белкового эмульгатора при измельчении мяса, для связывания добавляемой воды и общей стабилизации белково-жировой эмульсии. Его можно использовать в сухом состоянии или разбавленным водой, в последнем случае на одну часть муки приходиться четыре части воды (1:4). СОПРО-ТБ 200 можно использовать в качестве функциональной добавки, благодаря его эмульгирующим и желирующим свойствам, а также в качестве наполнителя, т.е. заменителя белков животного происхождения.\r\nДозировка: 2-4% в готовых продуктах',0,0,'2019-06-23 23:19:42'),(77,4,'Текстурированная соевая мука \"СОПРОТЕКС-Н\"','Используется в качестве наполнителя (замены части мяса в рецептуре) или эмульгатора в разных видах колбас, рубленных полуфабрикатах и консервах (кусковых, фаршевых). Гидратация 1:4-1:5. Гранулы 1-4 мм.',0,0,'2019-06-23 23:19:55'),(78,5,'Картофельная клетчатка POTEX','Связывает жир и воду;\r\nУвеличивает выход продукции;\r\nУменьшает потери;\r\nПредотвращает каплеобразование в вакуумной упаковке;\r\nУлучшает формоустойчивость продукта;\r\nСохраняет структуру продукта при замораживании/оттаивании;\r\nПолностью или частично заменяет такие ингредиенты как: казеинат, соевый белок, сухое молоко, хлебная крошка, картофельные хлопья, другие волокна и жир;\r\nPOTEX рекомендуется добавлять в начале процесса, поскольку механическое воздействие способствует существенному увеличению его способности связывать воду;\r\nЭффективно заменяет такие ингредиенты как фосфат, коллаген и каррагинан; \r\nУвеличивает выход готового продукта.',0,0,'2019-06-23 23:20:27'),(79,6,'Модифицированные картофельные крахмалы производства Lyckeby Culinar AB','ООО «БИЯМИ» предлагает широкий спектр модифицированных крахмалов (Е1414, Е1442) холодного и горячего набухания, произведённых в Латвии.',0,0,'2019-06-23 23:20:50'),(80,7,'Аскорбат натрия (Е301)','',0,0,'2019-06-23 23:21:41'),(81,7,'Аскорбиновая кислота (Е300)','',0,0,'2019-06-23 23:21:54'),(82,7,'Глюконо-дельта-лактон (Е575)','',0,0,'2019-06-23 23:22:04'),(83,7,'Глутамат натрия (Е621)','',0,0,'2019-06-23 23:22:16'),(84,7,'Гуаровая камедь (Е412)','',0,0,'2019-06-23 23:22:27'),(85,7,'Карбоксиметилцеллюлоза (Е466)','',0,0,'2019-06-23 23:22:39'),(86,7,'Декстроза, изоаскорбат натрия (Е316)','',0,0,'2019-06-23 23:22:49'),(87,7,'Каррагинан (Е407)','',0,0,'2019-06-23 23:23:03'),(88,7,'Ксантановая камедь (Е415)','',0,0,'2019-06-23 23:23:13'),(89,7,'Триполифосфат натрия (Е451)','',0,0,'2019-06-23 23:23:25'),(90,7,'Модифицированный картофельный крахмал (Е1414, Е1442)','',0,0,'2019-06-23 23:23:35'),(91,8,'Клейковина пшеничная сухая (глютен)','Одним из способов улучшения или корректировки качества муки является добавление сухой пшеничной клейковины (глютен), которая является натуральным ингредиентом, поэтому не существует ограничений для ее использования в качестве добавки. Хлеб с оптимальным содержанием глютена имеет равномерную, тонкостенную, мелкую пористость, удельный объем формового хлеба увеличивается на 9-9,5%, пористость - на 14 %, формоустойчивость подового хлеба - на 25 %, по отношению к хлебу без глютена.\r\nСухая клейковина по сравнению с другими белковыми продуктами обладает более широким спектром функциональных свойств, а именно: влагосвязывающей, жиросвязывающей, жироэмульгирующей, пенообразующей и стабилизирующей способностями, что создает возможности ее разнообразного использования в производстве хлебобулочных и кондитерских изделий.\r\nВ мукомольном производстве сухая клейковина добавляется к муке низкого качества для получения муки удовлетворяющей требованиям стандарта и потребителя.\r\nСухую клейковину вносят при замесе опары, предварительно смешав ее с мукой. Длительность замеса опары может быть увеличена до 12-15 минут в зависимости от хлебопекарных свойств используемой муки. Начальная температура опары должна составлять 28-300С. В дальнейшем процессе приготовления опары, теста, а также расстойка и выпечка хлеба протекают как обычно, согласно утвержденным на данный сорт технологическим инструкциям.\r\nСухая клейковина и различные смеси, полученные с ее использованием, могут быть применены при выработке мучных кондитерских изделий, таких как крекеры, затяжные сорта печенья, слоенный, заварной, бисквитный выпеченные полуфабрикаты для тортов и пирожных. Количество вводимой клейковины должно быть предварительно установлено в зависимости от свойств используемой муки и вида изделия.\r\nТаким образом, применение сухой пшеничной клейковины в хлебопекарном и кондитерском производствах позволяет повысить водопоглощение при замесе теста; укрепить физические и реологические свойства теста; улучшить физико-химические и органолептические показатели качества хлеба; увеличить срок сохранения свежести готовых изделий; улучшить структурно-механические свойства мякиша; увеличить выход готовых изделий.\r\nУпаковка: мешки 25 кг.',0,0,'2019-06-23 23:24:39'),(92,9,'Картофельная клетчатка Potex','Potex – это картофельное волокно, производимое шведской компанией LYCKEBY CULINAR AB.\r\nПоистине сенсационные качества Potex делают его одним из самых полезных ингредиентов в пищевой промышленности. Potex производится из клеточных стенок картофельных клубней патентованным способом. При его производстве не используются химические вещества.\r\nУлучшение экономии при использовании Potex\r\nPotex обладает уникальной способностью абсорбировать большое количество воды – он может удерживать количество воды, эквивалентное его двенадцатикратному весу. Если Potex подвергнуть сильным механическим воздействиям, его способность удерживать воду возрастает. Около 90% общего количества воды поглощаются им в течение одной минуты. Благодаря хорошей способности поглощать и удерживать воду, Potex идеален для использования в хлебопечении. Большее количество воды увеличит количество теста и, в итоге, повысит выход готового продукта. Помимо этого, улучшается свежесть хлеба, увеличиваются сроки его хранения и очевиден экономический эффект.\r\nПолностью натуральный продукт\r\nPotex является полностью натуральным ингредиентом, не содержит химических добавок и производится из шведского картофеля. Высокое содержание пищевых волокон в Potex делает хлеб с его использованием полезным для здоровья.\r\nЕго энергетическая ценность – только 75 ккал на 100г.\r\nПоскольку Potex не содержит клейковины, он пригоден для использования в продуктах, требующих отсутствия клейковины. Используя Potex, можно повысить содержание пищевой клетчатки в продуктах с низким ее содержанием.\r\nВо всех типах хлеба\r\nPotex может добавляться как в белые, так и в темные сорта хлеба. Так как волокна имеют нейтральный цвет, они не влияют на внешний вид хлеба. Для улучшения результата Potex должен быть ошпарен или замочен в горячей воде перед добавлением в тесто. Конечно, Potex может быть добавлен в сухом виде, но в этом случае он не сможет впитать необходимое количество воды. Только 1% Potex от общей массы теста добавляется в белые сорта хлеба и 2% в темные сорта хлеба. В таких малых количествах Potex не влияет на цвет и вкус продукта. Potex так же может использоваться во фруктовых начинках и в ореховой пасте. В первом случае – волокна препятствуют отслоению воды при выпекании. Во втором случае – волокна могут заменить небольшие количества дорогих по стоимости орехов без изменения консистенции пасты.\r\nУпаковка: мешки 10 кг.',0,0,'2019-06-23 23:25:30'),(93,10,'Смеси композитные Колос','Все сложные и длительные процессы многостадийной технологии производства заварного хлеба упрощены за счет использования разработанной композитной смеси «Колос». Использование хлебопекарных смесей позволяет производить из продуктов переработки пшеницы и ржи хлебобулочные изделия с превосходным вкусом, хорошими потребительскими свойствами, высокой биологической ценностью, продолжительное время сохраняющие свежесть. При этом предотвращаются заболевания хлеба картофельной болезнью и плесенью.\r\nВ состав смесей композитных «Колос» входят натуральные продукты белорусского производства.\r\n- Смесь композитная «Колос-2»\r\nСмесь композитная «Колос-2» предназначена для выработки светлых и тёмных заварных сортов хлеба ускоренным способом, позволяет разрабатывать широкий перечень рецептур: от светлого «Рижского» хлеба до тёмного «Бородинского».\r\n- Смесь композитная «Колос-3»\r\nСмесь композитная «Колос-3» предназначена для выработки тёмных заварных сортов хлеба. Позволяет разрабатывать рецептуры деликатесных хлебов с различными наполнителями: изюмом, черносливом, курагой, грецкими орехами и др.\r\nКомпания \"БИЯМИ\" представляет новинки собственного производства композитные смеси и комплексные пищевые добавки для использования в хлебопекарной отрасли:\r\nСмесь композитная «Колос солодовый» - смесь для производства хлебов смешанной валки. Состоит из высококачественного ферментативного солода, сухой пшеничной клейковины, картофельной клетчатки. Смесь может быть использована в сухом виде или для приготовления заварки.\r\nКомплексная пищевая добавка «Колос-микс» используется для производства зерновых изделий. Состоит из семян подсолнечника, семян льна, амарантовой крупчатки, сухой пшеничной клейковины, картофельной клетчатки и комплекса ферментных препаратов.\r\nПри производстве добавки «Колос-микс»  используется амарантовая мука «Крупчатка». Зерно амаранта содержит уникальный по сбалансированному и аминокислотному составу белок, витамины, каротиноиды, пектин, микро- и макроэлементы, кальций, высоконенасыщенное масло, в составе которого присутствует сквален и ряд других биологически активных веществ, потребность в которых заложена в человеке эволюционно.\r\nКомплексная пищевая добавка «Колос золотистый» используется для производства пшеничных хлебобулочных изделий. Состоит из сухой пшеничной клейковины, картофельной клетчатки и комплекса ферментных препаратов.\r\nВсе новинки состоят из натуральных продуктов и не содержат пищевых Е-добавок.\r\nУпаковка: мешки 20 кг.\r\nУсловия хранения: сухие, чистые, не зараженные мучными вредителями, помещения с относительной влажностью не более 75% и температурой воздуха не более 25оС.',0,0,'2019-06-23 23:26:34'),(94,11,'Патока крахмальная карамельная кислотная','Патоку широко используют в кондитерской промышленности для производства карамельных конфет, пастилы, мармелада, халвы, ириса, печенья, тортов и т.д. Она обладает способностью повышать растворимость сахарозы - задерживать её кристализацию, что обуславливает широкое её применение в консервной промышленности для приготовления варенья, повидла и джемов с целью придания сиропу большей вязкости, длительности и стойкости хранения, а также для улучшения вкусовых качеств. Патоку используют при производстве мороженого и замороженных десертов, что позволяетснизить точку замерзания и увеличивает его твердость. Также патоку используют в хлебопекарном производстве, производстве вино-водочной продукции и безалкогольных напитков. К основным свойствам патоки можно отнести регулируемые показатели сладости, сбраживаемости, влагоудерживающую и антикристализационную способность.\r\nФасовка: картонно-навивной барабан 35 кг и 65 кг.\r\nПроизводство: Россия.',0,0,'2019-06-23 23:28:18'),(95,12,'Улучшитель \"Директ Супер\"','Улучшитель для пшеничных хлебов, булочных изделий.\r\nПриготовление:\r\n- замешивается 3мин на медленной скорости + 5мин на быстрой скорости;\r\n- время брожения около 15 мин при температуре 27-28°С;\r\n- время расстойки в зависимости от технологических условий;\r\n- температура выпечки 230-240°С (в зависимости от веса);\r\n- время выпечки: 12 мин ( вес 45г ).',0,0,'2019-06-23 23:28:54'),(96,12,'Улучшитель \"Контистабил Б\"','Улучшитель для ржано-пшеничного хлеба, обеспечивающий формоустойчивость теста, рентабельность продукции и продление сроков хранения. Улучшитель состоит только из натуральных продуктов.\r\nДозирова: 0,5 - 1% к весу муки.',0,0,'2019-06-23 23:29:17'),(97,12,'Молочная смесь для выпечки','Смесь для выпечки.\r\nПриготовление:\r\n- замешивать 3 мин медленно + 5 мин быстро;\r\n- температура теста 27-28 оС;\r\n- время брожения примерно 15 мин;\r\n- время расстойки в зависимости от технологических условий;\r\n- температура выпечки – 200-210 оС;\r\n- время выпечки (масса 50 кг) – 15 мин.',0,0,'2019-06-23 23:29:37'),(98,12,'Декоративная посыпка \"Амарантовый микс\"','Декоративная посыпка «Амарантовый микс» представляет собой смесь семян льна, мака и амарантовой крупчатки. Используется для декорирования поверхности как хлебов, так и булочных изделий.\r\nПри производстве декоративной посыпки «Амарантовый микс» используется амарантовая мука «Крупчатка». Зерно амаранта содержит уникальный по сбалансированному и аминокислотному составу белок, витамины, каротиноиды, пектин, микро- и макроэлементы, кальций, высоконенасыщенное масло, в составе которого присутствует сквален и ряд других биологически активных веществ, потребность в которых заложена в человеке эволюционно.',0,0,'2019-06-23 23:30:58'),(99,12,'Стабилизатор творога','Стабилизатор творога для приготовления творожной начинки для различной выпечки.\r\nПреимущество: Легкое приготовление творожной начинки без использования яиц.\r\nПриготовление: Смешать творог с водой в течение 2-3 мин до однородной массы, затем добавить стабилизатор творога и смешивать снова 1-2 мин. Начинка должна храниться в холодильнике при температуре не выше 8 ºС.',0,0,'2019-06-23 23:31:14'),(100,13,'Обезжиренная термически обработанная соевая мука СОПРО ТБ-200','ИСПОЛЬЗОВАНИЕ ПРОДУКТА\r\nМясоперерабатывающая  промышленность.\r\nВ качестве белкового эмульгатора СОПРО ТБ-200 используется при измельчении мяса, для связывания добавляемой воды и общей стабилизации белково-жировой эмульсии. Его используют в сухом состоянии или разбавленным водой, в последнем случае на одну часть муки приходится три части воды (1:3). Также СОПРО ТБ-200 можно использовать в качестве функциональной добавки, благодаря его эмульгирующим и желирующим свойствам, а также в качестве наполнителя, т.е. заменителя белков животного происхождения.\r\nКондитерская промышленность.\r\nСОПРО ТБ-200 используется в качестве питательного вещества в кондитерской промышленности в количестве 5-7%, особенно в целях увеличения содержания белков, что особенно важно, поскольку данная продукция в первую очередь предназначена для молодых людей. СОПРО ТБ-200 способствует улучшению свойств и структуры кондитерских изделий и продлевает их свежесть.\r\nДиетические продукты.\r\nСОПРО ТБ-200 используется при изготовлении различных диетических продуктов для дополнительного питания спортсменов и людей, ведущих активный образ жизни, а также при производстве различных пищевых продуктов с предполагаемым диетическим действием (сухие смеси, хлеб и хлебобулочные изделия, макаронные изделия и т.д.).\r\nУпаковка: крафт-мешок 25 кг.',0,0,'2019-06-23 23:31:59'),(101,14,'Текстурированная соевая мука СОПРОТЕКС-Н (хлопья)','ИСПОЛЬЗОВАНИЕ ПРОДУКТА\r\nМясоперерабатывающая  промышленность.\r\nСОПРОТЕКС-Н успешно используют при производстве мясных изделий и готовых блюд, в качестве заменителя мяса (дегидратированная форма).\r\nПри применении в переработанных мясных продуктах оптимальные свойства СОПРОТЕКС-Н проявляют в гидратированном виде, в связи с чем перед добавлением в фарш или блюдо его необходимо гидратировать водой или бульоном в соотношении 1:4,0-4,5.\r\nХлебопекарная промышленность.\r\nСОПРОТЕКС-Н имеет высокую способность абсорбции воды, стабилизирует систему. Это отличный источник протеинов, удобен для пользования вследствие технологического процесса производства хлеба и булочных изделий, продукт дольше остается свежим.\r\nДиетические продукты.\r\nСОПРО ТБ-200 используется при изготовлении различных диетических продуктов для дополнительного питания спортсменов и людей, ведущих активный образ жизни, а также при производстве различных пищевых продуктов с предполагаемым диетическим действием (сухие смеси, хлеб и хлебобулочные изделия, макаронные изделия и т.д.).\r\nУпаковка: крафт-мешок 15 кг.',0,0,'2019-06-23 23:32:29'),(102,15,'Традиционный соевый концентрат ТРАДКОН СПЦ ХЦ-200','Соевые концентраты являются продуктами высшей стадии переработки сои и содержать приблизительно 70% белка.\r\nИСПОЛЬЗОВАНИЕ ПРОДУКТА\r\nМясная промышленность.\r\nТрадиционные соевые концентраты используются в мясной промышленности, прежде всего, из-за их высокого содержания белка с соответствующим содержанием аминокислот, они используются в качестве питательных наполнителей или в качестве замены для части мяса. Гидратация 1:5.\r\nДиетические продукты\r\nТрадиционные соевые концентраты используются в производстве различных диетических продуктов, обеспечивающих дополнительное питание для профессиональных спортсменов и любителей.\r\nУпаковка: крафт-мешок 15 кг.',0,0,'2019-06-23 23:32:56');
/*!40000 ALTER TABLE `tblProduct` ENABLE KEYS */;
UNLOCK TABLES;

--
-- Table structure for table `tblUser`
--

DROP TABLE IF EXISTS `tblUser`;
/*!40101 SET @saved_cs_client     = @@character_set_client */;
/*!40101 SET character_set_client = utf8 */;
CREATE TABLE `tblUser` (
  `id` int(11) NOT NULL AUTO_INCREMENT,
  `parent_id` int(11) DEFAULT NULL,
  `username` varchar(180) COLLATE utf8_unicode_ci NOT NULL,
  `username_canonical` varchar(180) COLLATE utf8_unicode_ci NOT NULL,
  `email` varchar(180) COLLATE utf8_unicode_ci NOT NULL,
  `email_canonical` varchar(180) COLLATE utf8_unicode_ci NOT NULL,
  `enabled` tinyint(1) NOT NULL,
  `salt` varchar(255) COLLATE utf8_unicode_ci DEFAULT NULL,
  `password` varchar(255) COLLATE utf8_unicode_ci NOT NULL,
  `last_login` datetime DEFAULT NULL,
  `confirmation_token` varchar(180) COLLATE utf8_unicode_ci DEFAULT NULL,
  `password_requested_at` datetime DEFAULT NULL,
  `roles` longtext COLLATE utf8_unicode_ci NOT NULL COMMENT '(DC2Type:array)',
  `hash` varchar(30) COLLATE utf8_unicode_ci NOT NULL,
  PRIMARY KEY (`id`),
  UNIQUE KEY `UNIQ_9050B93092FC23A8` (`username_canonical`),
  UNIQUE KEY `UNIQ_9050B930A0D96FBF` (`email_canonical`),
  UNIQUE KEY `UNIQ_9050B930D1B862B8` (`hash`),
  UNIQUE KEY `UNIQ_9050B930C05FB297` (`confirmation_token`),
  KEY `IDX_9050B930727ACA70` (`parent_id`),
  CONSTRAINT `FK_9050B930727ACA70` FOREIGN KEY (`parent_id`) REFERENCES `tblUser` (`id`)
) ENGINE=InnoDB AUTO_INCREMENT=2 DEFAULT CHARSET=utf8 COLLATE=utf8_unicode_ci;
/*!40101 SET character_set_client = @saved_cs_client */;

--
-- Dumping data for table `tblUser`
--

LOCK TABLES `tblUser` WRITE;
/*!40000 ALTER TABLE `tblUser` DISABLE KEYS */;
INSERT INTO `tblUser` VALUES (1,NULL,'BIYAMI','biyami','admin@biyami.by','admin@biyami.by',1,NULL,'$2y$13$OpiTlM73UAS/HZBNN3LcgemVX8WOWqXbzNPEHxEtHEvT2f0IgXzCu','2019-07-17 11:17:34',NULL,NULL,'a:1:{i:0;s:10:\"ROLE_ADMIN\";}','');
/*!40000 ALTER TABLE `tblUser` ENABLE KEYS */;
UNLOCK TABLES;
/*!40103 SET TIME_ZONE=@OLD_TIME_ZONE */;

/*!40101 SET SQL_MODE=@OLD_SQL_MODE */;
/*!40014 SET FOREIGN_KEY_CHECKS=@OLD_FOREIGN_KEY_CHECKS */;
/*!40014 SET UNIQUE_CHECKS=@OLD_UNIQUE_CHECKS */;
/*!40101 SET CHARACTER_SET_CLIENT=@OLD_CHARACTER_SET_CLIENT */;
/*!40101 SET CHARACTER_SET_RESULTS=@OLD_CHARACTER_SET_RESULTS */;
/*!40101 SET COLLATION_CONNECTION=@OLD_COLLATION_CONNECTION */;
/*!40111 SET SQL_NOTES=@OLD_SQL_NOTES */;

-- Dump completed on 2019-07-17 11:18:45
